onset	duration	sample	value
0.0000000000	n/a	0	boundary
7.5260000000	1.0000000000	3763	S  1
8.0420000000	1.0000000000	4021	S  2
8.5860000000	1.0000000000	4293	S  3
10.4220000000	1.0000000000	5211	S  1
10.7580000000	1.0000000000	5379	S  2
11.2100000000	1.0000000000	5605	S  3
13.0500000000	1.0000000000	6525	S  1
13.3740000000	1.0000000000	6687	S  2
13.7720000000	1.0000000000	6886	S  3
15.7540000000	1.0000000000	7877	S  1
16.0880000000	1.0000000000	8044	S  2
16.3960000000	1.0000000000	8198	S  3
18.6920000000	1.0000000000	9346	S  1
19.0040000000	1.0000000000	9502	S  2
19.4820000000	1.0000000000	9741	S  3
21.3960000000	1.0000000000	10698	S  1
21.7200000000	1.0000000000	10860	S  2
22.2020000000	1.0000000000	11101	S  3
24.1000000000	1.0000000000	12050	S  1
24.4360000000	1.0000000000	12218	S  2
24.9060000000	1.0000000000	12453	S  3
27.0120000000	1.0000000000	13506	S  1
27.3520000000	1.0000000000	13676	S  2
27.7540000000	1.0000000000	13877	S  3
29.9480000000	1.0000000000	14974	S  1
30.2660000000	1.0000000000	15133	S  2
30.7500000000	1.0000000000	15375	S  3
32.8580000000	1.0000000000	16429	S  1
33.1820000000	1.0000000000	16591	S  2
33.5780000000	1.0000000000	16789	S  3
35.4600000000	1.0000000000	17730	S  1
35.7980000000	1.0000000000	17899	S  2
36.3460000000	1.0000000000	18173	S  3
38.3980000000	1.0000000000	19199	S  1
38.7140000000	1.0000000000	19357	S  2
39.1140000000	1.0000000000	19557	S  3
41.3080000000	1.0000000000	20654	S  1
41.6300000000	1.0000000000	20815	S  2
42.0260000000	1.0000000000	21013	S  3
44.3220000000	1.0000000000	22161	S  1
44.6460000000	1.0000000000	22323	S  2
45.1620000000	1.0000000000	22581	S  3
46.9240000000	1.0000000000	23462	S  1
47.2600000000	1.0000000000	23630	S  2
47.7220000000	1.0000000000	23861	S  3
49.5500000000	1.0000000000	24775	S  1
49.8760000000	1.0000000000	24938	S  2
50.2980000000	1.0000000000	25149	S  3
52.1520000000	1.0000000000	26076	S  1
52.4920000000	1.0000000000	26246	S  2
52.9240000000	1.0000000000	26462	S  3
54.9860000000	1.0000000000	27493	S  1
55.3080000000	1.0000000000	27654	S  2
55.8340000000	1.0000000000	27917	S  3
57.7960000000	1.0000000000	28898	S  1
58.1240000000	1.0000000000	29062	S  2
58.5540000000	1.0000000000	29277	S  3
60.6020000000	1.0000000000	30301	S  1
60.9380000000	1.0000000000	30469	S  2
61.3700000000	1.0000000000	30685	S  3
63.6420000000	1.0000000000	31821	S  1
63.9540000000	1.0000000000	31977	S  2
64.3800000000	1.0000000000	32190	S  3
66.2420000000	1.0000000000	33121	S  1
66.5700000000	1.0000000000	33285	S  2
66.9700000000	1.0000000000	33485	S  3
69.2560000000	1.0000000000	34628	S  1
69.5860000000	1.0000000000	34793	S  2
70.0580000000	1.0000000000	35029	S  3
71.9620000000	1.0000000000	35981	S  1
72.3020000000	1.0000000000	36151	S  2
72.6820000000	1.0000000000	36341	S  3
75.0000000000	1.0000000000	37500	S  1
75.3160000000	1.0000000000	37658	S  2
75.6900000000	1.0000000000	37845	S  3
77.9120000000	1.0000000000	38956	S  1
78.2320000000	1.0000000000	39116	S  2
78.6500000000	1.0000000000	39325	S  3
80.5140000000	1.0000000000	40257	S  1
80.8480000000	1.0000000000	40424	S  2
81.1940000000	1.0000000000	40597	S  3
83.4500000000	1.0000000000	41725	S  1
83.7640000000	1.0000000000	41882	S  2
84.1700000000	1.0000000000	42085	S  3
86.0520000000	1.0000000000	43026	S  1
86.3800000000	1.0000000000	43190	S  2
86.8260000000	1.0000000000	43413	S  3
88.6800000000	1.0000000000	44340	S  1
88.9940000000	1.0000000000	44497	S  2
89.4020000000	1.0000000000	44701	S  3
91.5920000000	1.0000000000	45796	S  1
91.9100000000	1.0000000000	45955	S  2
92.3940000000	1.0000000000	46197	S  3
94.6040000000	1.0000000000	47302	S  1
94.9260000000	1.0000000000	47463	S  2
95.3700000000	1.0000000000	47685	S  3
97.3080000000	1.0000000000	48654	S  1
97.6420000000	1.0000000000	48821	S  2
98.0400000000	1.0000000000	49020	S  3
100.0380000000	1.0000000000	50019	S  1
100.3580000000	1.0000000000	50179	S  2
100.7760000000	1.0000000000	50388	S  3
102.8460000000	1.0000000000	51423	S  1
103.1740000000	1.0000000000	51587	S  2
103.5620000000	1.0000000000	51781	S  3
105.8600000000	1.0000000000	52930	S  1
106.1880000000	1.0000000000	53094	S  2
106.5520000000	1.0000000000	53276	S  3
108.6680000000	1.0000000000	54334	S  1
109.0040000000	1.0000000000	54502	S  2
109.4840000000	1.0000000000	54742	S  3
111.3980000000	1.0000000000	55699	S  1
111.7200000000	1.0000000000	55860	S  2
112.1380000000	1.0000000000	56069	S  3
114.2060000000	1.0000000000	57103	S  1
114.5360000000	1.0000000000	57268	S  2
114.9540000000	1.0000000000	57477	S  3
117.2220000000	1.0000000000	58611	S  1
117.5520000000	1.0000000000	58776	S  2
117.9760000000	1.0000000000	58988	S  3
120.0280000000	1.0000000000	60014	S  1
120.3660000000	1.0000000000	60183	S  2
120.7460000000	1.0000000000	60373	S  3
122.8620000000	1.0000000000	61431	S  1
123.1820000000	1.0000000000	61591	S  2
123.6240000000	1.0000000000	61812	S  3
125.7720000000	1.0000000000	62886	S  1
126.0980000000	1.0000000000	63049	S  2
126.4880000000	1.0000000000	63244	S  3
128.7860000000	1.0000000000	64393	S  1
129.1140000000	1.0000000000	64557	S  2
129.4960000000	1.0000000000	64748	S  3
131.8000000000	1.0000000000	65900	S  1
132.1280000000	1.0000000000	66064	S  2
132.5840000000	1.0000000000	66292	S  3
134.8140000000	1.0000000000	67407	S  1
135.1440000000	1.0000000000	67572	S  2
135.4640000000	1.0000000000	67732	S  3
137.8280000000	1.0000000000	68914	S  1
138.1600000000	1.0000000000	69080	S  2
138.6320000000	1.0000000000	69316	S  3
140.6620000000	1.0000000000	70331	S  1
140.9760000000	1.0000000000	70488	S  2
141.5120000000	1.0000000000	70756	S  3
143.4680000000	1.0000000000	71734	S  1
143.7900000000	1.0000000000	71895	S  2
144.1520000000	1.0000000000	72076	S  3
146.3800000000	1.0000000000	73190	S  1
146.7060000000	1.0000000000	73353	S  2
147.0820000000	1.0000000000	73541	S  3
149.1100000000	1.0000000000	74555	S  1
149.4220000000	1.0000000000	74711	S  2
149.8000000000	1.0000000000	74900	S  3
151.7120000000	1.0000000000	75856	S  1
152.0380000000	1.0000000000	76019	S  2
152.4880000000	1.0000000000	76244	S  3
154.4180000000	1.0000000000	77209	S  1
154.7540000000	1.0000000000	77377	S  2
155.2560000000	1.0000000000	77628	S  3
157.2500000000	1.0000000000	78625	S  1
157.5700000000	1.0000000000	78785	S  2
157.9940000000	1.0000000000	78997	S  3
159.9560000000	1.0000000000	79978	S  1
160.2840000000	1.0000000000	80142	S  2
160.6320000000	1.0000000000	80316	S  3
162.7620000000	1.0000000000	81381	S  1
163.1000000000	1.0000000000	81550	S  2
163.4340000000	1.0000000000	81717	S  3
165.4920000000	1.0000000000	82746	S  1
165.8160000000	1.0000000000	82908	S  2
166.2800000000	1.0000000000	83140	S  3
168.4040000000	1.0000000000	84202	S  1
168.7320000000	1.0000000000	84366	S  2
169.1280000000	1.0000000000	84564	S  3
171.0060000000	1.0000000000	85503	S  1
171.3480000000	1.0000000000	85674	S  2
171.7360000000	1.0000000000	85868	S  3
173.6320000000	1.0000000000	86816	S  1
173.9620000000	1.0000000000	86981	S  2
174.3280000000	1.0000000000	87164	S  3
196.1460000000	1.0000000000	98073	S  1
196.4880000000	1.0000000000	98244	S  2
196.9040000000	1.0000000000	98452	S  3
198.7740000000	1.0000000000	99387	S  1
199.1040000000	1.0000000000	99552	S  2
199.5100000000	1.0000000000	99755	S  3
201.7880000000	1.0000000000	100894	S  1
202.1180000000	1.0000000000	101059	S  2
202.4560000000	1.0000000000	101228	S  3
204.5960000000	1.0000000000	102298	S  1
204.9340000000	1.0000000000	102467	S  2
205.3360000000	1.0000000000	102668	S  3
207.4280000000	1.0000000000	103714	S  1
207.7500000000	1.0000000000	103875	S  2
208.2160000000	1.0000000000	104108	S  3
210.0300000000	1.0000000000	105015	S  1
210.3660000000	1.0000000000	105183	S  2
211.0320000000	1.0000000000	105516	S  3
212.6580000000	1.0000000000	106329	S  1
212.9820000000	1.0000000000	106491	S  2
213.3520000000	1.0000000000	106676	S  3
215.2600000000	1.0000000000	107630	S  1
215.5980000000	1.0000000000	107799	S  2
215.9600000000	1.0000000000	107980	S  3
218.1960000000	1.0000000000	109098	S  1
218.5140000000	1.0000000000	109257	S  2
218.9040000000	1.0000000000	109452	S  3
221.1840000000	1.0000000000	110592	S  1
221.5280000000	1.0000000000	110764	S  2
221.9120000000	1.0000000000	110956	S  3
224.2240000000	1.0000000000	112112	S  1
224.5440000000	1.0000000000	112272	S  2
224.9980000000	1.0000000000	112499	S  3
227.1340000000	1.0000000000	113567	S  1
227.4600000000	1.0000000000	113730	S  2
227.8800000000	1.0000000000	113940	S  3
229.8400000000	1.0000000000	114920	S  1
230.1760000000	1.0000000000	115088	S  2
230.6160000000	1.0000000000	115308	S  3
232.4660000000	1.0000000000	116233	S  1
232.7900000000	1.0000000000	116395	S  2
233.1580000000	1.0000000000	116579	S  3
235.0680000000	1.0000000000	117534	S  1
235.4060000000	1.0000000000	117703	S  2
235.8620000000	1.0000000000	117931	S  3
238.0040000000	1.0000000000	119002	S  1
238.3220000000	1.0000000000	119161	S  2
238.6460000000	1.0000000000	119323	S  3
240.7100000000	1.0000000000	120355	S  1
241.0380000000	1.0000000000	120519	S  2
241.4940000000	1.0000000000	120747	S  3
243.5180000000	1.0000000000	121759	S  1
243.8540000000	1.0000000000	121927	S  2
244.2140000000	1.0000000000	122107	S  3
246.4280000000	1.0000000000	123214	S  1
246.7700000000	1.0000000000	123385	S  2
247.1420000000	1.0000000000	123571	S  3
249.4680000000	1.0000000000	124734	S  1
249.7840000000	1.0000000000	124892	S  2
250.1340000000	1.0000000000	125067	S  3
252.4820000000	1.0000000000	126241	S  1
252.8000000000	1.0000000000	126400	S  2
253.0960000000	1.0000000000	126548	S  3
255.0840000000	1.0000000000	127542	S  1
255.4160000000	1.0000000000	127708	S  2
255.7820000000	1.0000000000	127891	S  3
257.7100000000	1.0000000000	128855	S  1
258.0320000000	1.0000000000	129016	S  2
258.4240000000	1.0000000000	129212	S  3
260.6220000000	1.0000000000	130311	S  1
260.9460000000	1.0000000000	130473	S  2
261.2860000000	1.0000000000	130643	S  3
263.4300000000	1.0000000000	131715	S  1
263.7620000000	1.0000000000	131881	S  2
264.1020000000	1.0000000000	132051	S  3
266.0560000000	1.0000000000	133028	S  1
266.3780000000	1.0000000000	133189	S  2
266.7900000000	1.0000000000	133395	S  3
268.7620000000	1.0000000000	134381	S  1
269.0940000000	1.0000000000	134547	S  2
269.4140000000	1.0000000000	134707	S  3
271.7780000000	1.0000000000	135889	S  1
272.1100000000	1.0000000000	136055	S  2
272.5340000000	1.0000000000	136267	S  3
274.5820000000	1.0000000000	137291	S  1
274.9260000000	1.0000000000	137463	S  2
275.2540000000	1.0000000000	137627	S  3
277.6220000000	1.0000000000	138811	S  1
277.9400000000	1.0000000000	138970	S  2
278.4220000000	1.0000000000	139211	S  3
280.4300000000	1.0000000000	140215	S  1
280.7560000000	1.0000000000	140378	S  2
281.0940000000	1.0000000000	140547	S  3
283.3420000000	1.0000000000	141671	S  1
283.6720000000	1.0000000000	141836	S  2
284.0860000000	1.0000000000	142043	S  3
286.2520000000	1.0000000000	143126	S  1
286.5880000000	1.0000000000	143294	S  2
286.9980000000	1.0000000000	143499	S  3
289.0860000000	1.0000000000	144543	S  1
289.4020000000	1.0000000000	144701	S  2
289.8140000000	1.0000000000	144907	S  3
291.8940000000	1.0000000000	145947	S  1
292.2180000000	1.0000000000	146109	S  2
292.5980000000	1.0000000000	146299	S  3
294.4960000000	1.0000000000	147248	S  1
294.8360000000	1.0000000000	147418	S  2
295.1900000000	1.0000000000	147595	S  3
297.3280000000	1.0000000000	148664	S  1
297.6500000000	1.0000000000	148825	S  2
298.0060000000	1.0000000000	149003	S  3
300.2400000000	1.0000000000	150120	S  1
300.5660000000	1.0000000000	150283	S  2
300.9320000000	1.0000000000	150466	S  3
303.0480000000	1.0000000000	151524	S  1
303.3800000000	1.0000000000	151690	S  2
303.7640000000	1.0000000000	151882	S  3
305.7780000000	1.0000000000	152889	S  1
306.0960000000	1.0000000000	153048	S  2
306.5000000000	1.0000000000	153250	S  3
308.5860000000	1.0000000000	154293	S  1
308.9120000000	1.0000000000	154456	S  2
309.2700000000	1.0000000000	154635	S  3
311.5980000000	1.0000000000	155799	S  1
311.9280000000	1.0000000000	155964	S  2
312.2460000000	1.0000000000	156123	S  3
314.2260000000	1.0000000000	157113	S  1
314.5440000000	1.0000000000	157272	S  2
314.9160000000	1.0000000000	157458	S  3
317.2400000000	1.0000000000	158620	S  1
317.5580000000	1.0000000000	158779	S  2
317.9420000000	1.0000000000	158971	S  3
320.2540000000	1.0000000000	160127	S  1
320.5740000000	1.0000000000	160287	S  2
320.9500000000	1.0000000000	160475	S  3
322.9580000000	1.0000000000	161479	S  1
323.2900000000	1.0000000000	161645	S  2
323.6520000000	1.0000000000	161826	S  3
325.9720000000	1.0000000000	162986	S  1
326.3060000000	1.0000000000	163153	S  2
326.6160000000	1.0000000000	163308	S  3
328.8840000000	1.0000000000	164442	S  1
329.2220000000	1.0000000000	164611	S  2
329.5260000000	1.0000000000	164763	S  3
331.8980000000	1.0000000000	165949	S  1
332.2360000000	1.0000000000	166118	S  2
332.7100000000	1.0000000000	166355	S  3
334.6300000000	1.0000000000	167315	S  1
334.9520000000	1.0000000000	167476	S  2
335.3180000000	1.0000000000	167659	S  3
337.5380000000	1.0000000000	168769	S  1
337.8680000000	1.0000000000	168934	S  2
338.1960000000	1.0000000000	169098	S  3
340.2420000000	1.0000000000	170121	S  1
340.5840000000	1.0000000000	170292	S  2
340.9980000000	1.0000000000	170499	S  3
342.9740000000	1.0000000000	171487	S  1
343.2980000000	1.0000000000	171649	S  2
343.6040000000	1.0000000000	171802	S  3
345.6780000000	1.0000000000	172839	S  1
346.0140000000	1.0000000000	173007	S  2
346.3400000000	1.0000000000	173170	S  3
348.6140000000	1.0000000000	174307	S  1
348.9300000000	1.0000000000	174465	S  2
349.3180000000	1.0000000000	174659	S  3
351.4240000000	1.0000000000	175712	S  1
351.7460000000	1.0000000000	175873	S  2
352.0860000000	1.0000000000	176043	S  3
354.1280000000	1.0000000000	177064	S  1
354.4620000000	1.0000000000	177231	S  2
354.7260000000	1.0000000000	177363	S  3
357.0380000000	1.0000000000	178519	S  1
357.3780000000	1.0000000000	178689	S  2
357.7160000000	1.0000000000	178858	S  3
359.6660000000	1.0000000000	179833	S  1
359.9940000000	1.0000000000	179997	S  2
360.3900000000	1.0000000000	180195	S  3
362.3960000000	1.0000000000	181198	S  1
362.7080000000	1.0000000000	181354	S  2
363.1080000000	1.0000000000	181554	S  3
382.2820000000	1.0000000000	191141	S  1
382.6180000000	1.0000000000	191309	S  2
383.0280000000	1.0000000000	191514	S  3
385.2960000000	1.0000000000	192648	S  1
385.6340000000	1.0000000000	192817	S  2
385.9560000000	1.0000000000	192978	S  3
387.9240000000	1.0000000000	193962	S  1
388.2480000000	1.0000000000	194124	S  2
388.6120000000	1.0000000000	194306	S  3
390.6280000000	1.0000000000	195314	S  1
390.9660000000	1.0000000000	195483	S  2
391.4280000000	1.0000000000	195714	S  3
393.5660000000	1.0000000000	196783	S  1
393.8800000000	1.0000000000	196940	S  2
394.2760000000	1.0000000000	197138	S  3
396.3720000000	1.0000000000	198186	S  1
396.6960000000	1.0000000000	198348	S  2
397.2200000000	1.0000000000	198610	S  3
399.2840000000	1.0000000000	199642	S  1
399.6120000000	1.0000000000	199806	S  2
400.1320000000	1.0000000000	200066	S  3
402.0140000000	1.0000000000	201007	S  1
402.3260000000	1.0000000000	201163	S  2
402.7100000000	1.0000000000	201355	S  3
404.9240000000	1.0000000000	202462	S  1
405.2440000000	1.0000000000	202622	S  2
405.6200000000	1.0000000000	202810	S  3
407.7340000000	1.0000000000	203867	S  1
408.0580000000	1.0000000000	204029	S  2
408.4360000000	1.0000000000	204218	S  3
410.7460000000	1.0000000000	205373	S  1
411.0740000000	1.0000000000	205537	S  2
411.4600000000	1.0000000000	205730	S  3
413.6560000000	1.0000000000	206828	S  1
413.9900000000	1.0000000000	206995	S  2
414.3420000000	1.0000000000	207171	S  3
416.4640000000	1.0000000000	208232	S  1
416.8040000000	1.0000000000	208402	S  2
417.1880000000	1.0000000000	208594	S  3
419.5040000000	1.0000000000	209752	S  1
419.8200000000	1.0000000000	209910	S  2
420.1960000000	1.0000000000	210098	S  3
422.4140000000	1.0000000000	211207	S  1
422.7360000000	1.0000000000	211368	S  2
423.0920000000	1.0000000000	211546	S  3
425.1200000000	1.0000000000	212560	S  1
425.4520000000	1.0000000000	212726	S  2
425.7820000000	1.0000000000	212891	S  3
427.7480000000	1.0000000000	213874	S  1
428.0680000000	1.0000000000	214034	S  2
428.4040000000	1.0000000000	214202	S  3
430.5540000000	1.0000000000	215277	S  1
430.8820000000	1.0000000000	215441	S  2
431.2340000000	1.0000000000	215617	S  3
433.5700000000	1.0000000000	216785	S  1
433.8980000000	1.0000000000	216949	S  2
434.2740000000	1.0000000000	217137	S  3
436.5840000000	1.0000000000	218292	S  1
436.9140000000	1.0000000000	218457	S  2
437.2520000000	1.0000000000	218626	S  3
439.2100000000	1.0000000000	219605	S  1
439.5300000000	1.0000000000	219765	S  2
440.0020000000	1.0000000000	220001	S  3
442.0200000000	1.0000000000	221010	S  1
442.3460000000	1.0000000000	221173	S  2
442.7720000000	1.0000000000	221386	S  3
444.6440000000	1.0000000000	222322	S  1
444.9600000000	1.0000000000	222480	S  2
445.3140000000	1.0000000000	222657	S  3
447.3500000000	1.0000000000	223675	S  1
447.6760000000	1.0000000000	223838	S  2
448.0980000000	1.0000000000	224049	S  3
450.2600000000	1.0000000000	225130	S  1
450.5920000000	1.0000000000	225296	S  2
450.9620000000	1.0000000000	225481	S  3
452.9900000000	1.0000000000	226495	S  1
453.3080000000	1.0000000000	226654	S  2
453.6340000000	1.0000000000	226817	S  3
455.5920000000	1.0000000000	227796	S  1
455.9240000000	1.0000000000	227962	S  2
456.3540000000	1.0000000000	228177	S  3
458.5040000000	1.0000000000	229252	S  1
458.8400000000	1.0000000000	229420	S  2
459.1700000000	1.0000000000	229585	S  3
461.4140000000	1.0000000000	230707	S  1
461.7540000000	1.0000000000	230877	S  2
462.0820000000	1.0000000000	231041	S  3
464.2480000000	1.0000000000	232124	S  1
464.5700000000	1.0000000000	232285	S  2
465.0580000000	1.0000000000	232529	S  3
466.8760000000	1.0000000000	233438	S  1
467.1860000000	1.0000000000	233593	S  2
467.5560000000	1.0000000000	233778	S  3
469.8640000000	1.0000000000	234932	S  1
470.2020000000	1.0000000000	235101	S  2
470.5620000000	1.0000000000	235281	S  3
472.5940000000	1.0000000000	236297	S  1
472.9180000000	1.0000000000	236459	S  2
473.2500000000	1.0000000000	236625	S  3
475.1960000000	1.0000000000	237598	S  1
475.5320000000	1.0000000000	237766	S  2
475.8920000000	1.0000000000	237946	S  3
478.1320000000	1.0000000000	239066	S  1
478.4480000000	1.0000000000	239224	S  2
478.8980000000	1.0000000000	239449	S  3
481.0420000000	1.0000000000	240521	S  1
481.3640000000	1.0000000000	240682	S  2
481.7620000000	1.0000000000	240881	S  3
483.6440000000	1.0000000000	241822	S  1
483.9800000000	1.0000000000	241990	S  2
484.3700000000	1.0000000000	242185	S  3
486.6580000000	1.0000000000	243329	S  1
486.9960000000	1.0000000000	243498	S  2
487.3620000000	1.0000000000	243681	S  3
489.3880000000	1.0000000000	244694	S  1
489.7100000000	1.0000000000	244855	S  2
490.0980000000	1.0000000000	245049	S  3
491.9920000000	1.0000000000	245996	S  1
492.3260000000	1.0000000000	246163	S  2
492.7700000000	1.0000000000	246385	S  3
494.8240000000	1.0000000000	247412	S  1
495.1420000000	1.0000000000	247571	S  2
495.4740000000	1.0000000000	247737	S  3
497.8400000000	1.0000000000	248920	S  1
498.1580000000	1.0000000000	249079	S  2
498.5780000000	1.0000000000	249289	S  3
500.8540000000	1.0000000000	250427	S  1
501.1740000000	1.0000000000	250587	S  2
501.5540000000	1.0000000000	250777	S  3
503.8660000000	1.0000000000	251933	S  1
504.1880000000	1.0000000000	252094	S  2
504.6260000000	1.0000000000	252313	S  3
506.6740000000	1.0000000000	253337	S  1
507.0040000000	1.0000000000	253502	S  2
507.4420000000	1.0000000000	253721	S  3
509.4800000000	1.0000000000	254740	S  1
509.8200000000	1.0000000000	254910	S  2
510.2100000000	1.0000000000	255105	S  3
512.1100000000	1.0000000000	256055	S  1
512.4360000000	1.0000000000	256218	S  2
512.8180000000	1.0000000000	256409	S  3
515.1220000000	1.0000000000	257561	S  1
515.4500000000	1.0000000000	257725	S  2
515.8260000000	1.0000000000	257913	S  3
517.9300000000	1.0000000000	258965	S  1
518.2660000000	1.0000000000	259133	S  2
518.6120000000	1.0000000000	259306	S  3
520.9440000000	1.0000000000	260472	S  1
521.2820000000	1.0000000000	260641	S  2
521.6500000000	1.0000000000	260825	S  3
523.6740000000	1.0000000000	261837	S  1
523.9980000000	1.0000000000	261999	S  2
524.4180000000	1.0000000000	262209	S  3
526.3780000000	1.0000000000	263189	S  1
526.7140000000	1.0000000000	263357	S  2
527.0420000000	1.0000000000	263521	S  3
529.2900000000	1.0000000000	264645	S  1
529.6300000000	1.0000000000	264815	S  2
530.0840000000	1.0000000000	265042	S  3
531.9180000000	1.0000000000	265959	S  1
532.2460000000	1.0000000000	266123	S  2
532.6420000000	1.0000000000	266321	S  3
534.6220000000	1.0000000000	267311	S  1
534.9600000000	1.0000000000	267480	S  2
535.3460000000	1.0000000000	267673	S  3
537.5580000000	1.0000000000	268779	S  1
537.8760000000	1.0000000000	268938	S  2
538.3220000000	1.0000000000	269161	S  3
540.1600000000	1.0000000000	270080	S  1
540.4920000000	1.0000000000	270246	S  2
540.8180000000	1.0000000000	270409	S  3
542.8900000000	1.0000000000	271445	S  1
543.2080000000	1.0000000000	271604	S  2
543.7480000000	1.0000000000	271874	S  3
545.7000000000	1.0000000000	272850	S  1
546.0220000000	1.0000000000	273011	S  2
546.3680000000	1.0000000000	273184	S  3
548.5060000000	1.0000000000	274253	S  1
548.8380000000	1.0000000000	274419	S  2
549.2340000000	1.0000000000	274617	S  3
572.3340000000	1.0000000000	286167	S  1
572.6620000000	1.0000000000	286331	S  2
573.0900000000	1.0000000000	286545	S  3
574.9600000000	1.0000000000	287480	S  1
575.2780000000	1.0000000000	287639	S  2
575.7300000000	1.0000000000	287865	S  3
577.6660000000	1.0000000000	288833	S  1
577.9940000000	1.0000000000	288997	S  2
578.4000000000	1.0000000000	289200	S  3
580.6800000000	1.0000000000	290340	S  1
581.0100000000	1.0000000000	290505	S  2
581.4260000000	1.0000000000	290713	S  3
583.6940000000	1.0000000000	291847	S  1
584.0260000000	1.0000000000	292013	S  2
584.3360000000	1.0000000000	292168	S  3
586.3980000000	1.0000000000	293199	S  1
586.7400000000	1.0000000000	293370	S  2
587.1200000000	1.0000000000	293560	S  3
589.3340000000	1.0000000000	294667	S  1
589.6560000000	1.0000000000	294828	S  2
590.1780000000	1.0000000000	295089	S  3
592.0400000000	1.0000000000	296020	S  1
592.3720000000	1.0000000000	296186	S  2
592.7520000000	1.0000000000	296376	S  3
594.8720000000	1.0000000000	297436	S  1
595.1880000000	1.0000000000	297594	S  2
595.6000000000	1.0000000000	297800	S  3
597.4740000000	1.0000000000	298737	S  1
597.8040000000	1.0000000000	298902	S  2
598.1940000000	1.0000000000	299097	S  3
600.2820000000	1.0000000000	300141	S  1
600.6180000000	1.0000000000	300309	S  2
600.9600000000	1.0000000000	300480	S  3
603.2180000000	1.0000000000	301609	S  1
603.5340000000	1.0000000000	301767	S  2
603.9200000000	1.0000000000	301960	S  3
606.1300000000	1.0000000000	303065	S  1
606.4500000000	1.0000000000	303225	S  2
606.8000000000	1.0000000000	303400	S  3
609.1440000000	1.0000000000	304572	S  1
609.4660000000	1.0000000000	304733	S  2
609.8720000000	1.0000000000	304936	S  3
611.7480000000	1.0000000000	305874	S  1
612.0820000000	1.0000000000	306041	S  2
612.4640000000	1.0000000000	306232	S  3
614.5780000000	1.0000000000	307289	S  1
614.8960000000	1.0000000000	307448	S  2
615.3620000000	1.0000000000	307681	S  3
617.5920000000	1.0000000000	308796	S  1
617.9120000000	1.0000000000	308956	S  2
618.3200000000	1.0000000000	309160	S  3
620.2960000000	1.0000000000	310148	S  1
620.6280000000	1.0000000000	310314	S  2
620.9920000000	1.0000000000	310496	S  3
622.9240000000	1.0000000000	311462	S  1
623.2440000000	1.0000000000	311622	S  2
623.6500000000	1.0000000000	311825	S  3
625.8360000000	1.0000000000	312918	S  1
626.1600000000	1.0000000000	313080	S  2
626.4960000000	1.0000000000	313248	S  3
628.7460000000	1.0000000000	314373	S  1
629.0740000000	1.0000000000	314537	S  2
629.4880000000	1.0000000000	314744	S  3
631.5540000000	1.0000000000	315777	S  1
631.8900000000	1.0000000000	315945	S  2
632.2400000000	1.0000000000	316120	S  3
634.1800000000	1.0000000000	317090	S  1
634.5060000000	1.0000000000	317253	S  2
635.0560000000	1.0000000000	317528	S  3
637.0920000000	1.0000000000	318546	S  1
637.4220000000	1.0000000000	318711	S  2
637.7600000000	1.0000000000	318880	S  3
640.0020000000	1.0000000000	320001	S  1
640.3380000000	1.0000000000	320169	S  2
640.6880000000	1.0000000000	320344	S  3
642.9400000000	1.0000000000	321470	S  1
643.2520000000	1.0000000000	321626	S  2
643.7260000000	1.0000000000	321863	S  3
645.9280000000	1.0000000000	322964	S  1
646.2680000000	1.0000000000	323134	S  2
646.6400000000	1.0000000000	323320	S  3
648.6580000000	1.0000000000	324329	S  1
648.9840000000	1.0000000000	324492	S  2
649.4260000000	1.0000000000	324713	S  3
651.6720000000	1.0000000000	325836	S  1
652.0000000000	1.0000000000	326000	S  2
652.3680000000	1.0000000000	326184	S  3
654.6860000000	1.0000000000	327343	S  1
655.0160000000	1.0000000000	327508	S  2
655.3900000000	1.0000000000	327695	S  3
657.4920000000	1.0000000000	328746	S  1
657.8300000000	1.0000000000	328915	S  2
658.2060000000	1.0000000000	329103	S  3
660.1200000000	1.0000000000	330060	S  1
660.4460000000	1.0000000000	330223	S  2
660.8140000000	1.0000000000	330407	S  3
662.9280000000	1.0000000000	331464	S  1
663.2620000000	1.0000000000	331631	S  2
663.5980000000	1.0000000000	331799	S  3
665.7620000000	1.0000000000	332881	S  1
666.0780000000	1.0000000000	333039	S  2
666.4780000000	1.0000000000	333239	S  3
668.5700000000	1.0000000000	334285	S  1
668.8940000000	1.0000000000	334447	S  2
669.2140000000	1.0000000000	334607	S  3
671.2760000000	1.0000000000	335638	S  1
671.6080000000	1.0000000000	335804	S  2
671.9680000000	1.0000000000	335984	S  3
674.1080000000	1.0000000000	337054	S  1
674.4240000000	1.0000000000	337212	S  2
674.7980000000	1.0000000000	337399	S  3
676.8120000000	1.0000000000	338406	S  1
677.1400000000	1.0000000000	338570	S  2
677.4380000000	1.0000000000	338719	S  3
679.5180000000	1.0000000000	339759	S  1
679.8560000000	1.0000000000	339928	S  2
680.1440000000	1.0000000000	340072	S  3
682.3500000000	1.0000000000	341175	S  1
682.6720000000	1.0000000000	341336	S  2
683.1340000000	1.0000000000	341567	S  3
685.3640000000	1.0000000000	342682	S  1
685.6860000000	1.0000000000	342843	S  2
686.0460000000	1.0000000000	343023	S  3
687.9660000000	1.0000000000	343983	S  1
688.3020000000	1.0000000000	344151	S  2
688.6860000000	1.0000000000	344343	S  3
690.8760000000	1.0000000000	345438	S  1
691.2180000000	1.0000000000	345609	S  2
691.6300000000	1.0000000000	345815	S  3
693.6080000000	1.0000000000	346804	S  1
693.9340000000	1.0000000000	346967	S  2
694.3840000000	1.0000000000	347192	S  3
696.5200000000	1.0000000000	348260	S  1
696.8500000000	1.0000000000	348425	S  2
697.2780000000	1.0000000000	348639	S  3
699.3260000000	1.0000000000	349663	S  1
699.6660000000	1.0000000000	349833	S  2
699.9660000000	1.0000000000	349983	S  3
702.3400000000	1.0000000000	351170	S  1
702.6800000000	1.0000000000	351340	S  2
703.2160000000	1.0000000000	351608	S  3
705.3800000000	1.0000000000	352690	S  1
705.6960000000	1.0000000000	352848	S  2
706.0620000000	1.0000000000	353031	S  3
708.2900000000	1.0000000000	354145	S  1
708.6120000000	1.0000000000	354306	S  2
708.9900000000	1.0000000000	354495	S  3
710.9960000000	1.0000000000	355498	S  1
711.3280000000	1.0000000000	355664	S  2
711.7100000000	1.0000000000	355855	S  3
714.0080000000	1.0000000000	357004	S  1
714.3440000000	1.0000000000	357172	S  2
714.8940000000	1.0000000000	357447	S  3
717.0220000000	1.0000000000	358511	S  1
717.3580000000	1.0000000000	358679	S  2
717.8060000000	1.0000000000	358903	S  3
719.7520000000	1.0000000000	359876	S  1
720.0740000000	1.0000000000	360037	S  2
720.4140000000	1.0000000000	360207	S  3
722.6640000000	1.0000000000	361332	S  1
722.9900000000	1.0000000000	361495	S  2
723.3900000000	1.0000000000	361695	S  3
725.4740000000	1.0000000000	362737	S  1
725.8060000000	1.0000000000	362903	S  2
726.2060000000	1.0000000000	363103	S  3
728.1780000000	1.0000000000	364089	S  1
728.5220000000	1.0000000000	364261	S  2
728.8940000000	1.0000000000	364447	S  3
730.8040000000	1.0000000000	365402	S  1
731.1360000000	1.0000000000	365568	S  2
731.5020000000	1.0000000000	365751	S  3
733.4320000000	1.0000000000	366716	S  1
733.7520000000	1.0000000000	366876	S  2
734.1760000000	1.0000000000	367088	S  3
736.0340000000	1.0000000000	368017	S  1
736.3680000000	1.0000000000	368184	S  2
736.8460000000	1.0000000000	368423	S  3
738.6600000000	1.0000000000	369330	S  1
738.9840000000	1.0000000000	369492	S  2
739.4700000000	1.0000000000	369735	S  3
